[{"model": "admin.logentry", "pk": 1, "fields": {"action_time": "2023-09-03T22:43:19.527Z", "user": 1, "content_type": 11, "object_id": "4", "object_repr": "dodic@yandex.ru", "action_flag": 3, "change_message": ""}}, {"model": "admin.logentry", "pk": 2, "fields": {"action_time": "2023-09-03T23:16:09.853Z", "user": 1, "content_type": 11, "object_id": "6", "object_repr": "kseniyaartemova@yandex.ru", "action_flag": 3, "change_message": ""}}, {"model": "admin.logentry", "pk": 3, "fields": {"action_time": "2023-09-03T23:17:53.064Z", "user": 1, "content_type": 11, "object_id": "7", "object_repr": "kseniyaartemova@yandex.ru", "action_flag": 3, "change_message": ""}}, {"model": "admin.logentry", "pk": 4, "fields": {"action_time": "2023-09-05T11:57:13.547Z", "user": 1, "content_type": 11, "object_id": "13", "object_repr": "kamen@dot.com", "action_flag": 1, "change_message": "[{\"added\": {}}]"}}, {"model": "admin.logentry", "pk": 5, "fields": {"action_time": "2023-09-05T11:58:21.002Z", "user": 1, "content_type": 11, "object_id": "13", "object_repr": "kamen@dot.com", "action_flag": 2, "change_message": "[]"}}, {"model": "admin.logentry", "pk": 6, "fields": {"action_time": "2023-09-05T11:59:58.319Z", "user": 1, "content_type": 11, "object_id": "13", "object_repr": "kamen@dot.com", "action_flag": 2, "change_message": "[{\"changed\": {\"fields\": [\"Password\"]}}]"}}, {"model": "auth.permission", "pk": 1, "fields": {"name": "Can add log entry", "content_type": 1, "codename": "add_logentry"}}, {"model": "auth.permission", "pk": 2, "fields": {"name": "Can change log entry", "content_type": 1, "codename": "change_logentry"}}, {"model": "auth.permission", "pk": 3, "fields": {"name": "Can delete log entry", "content_type": 1, "codename": "delete_logentry"}}, {"model": "auth.permission", "pk": 4, "fields": {"name": "Can view log entry", "content_type": 1, "codename": "view_logentry"}}, {"model": "auth.permission", "pk": 5, "fields": {"name": "Can add permission", "content_type": 2, "codename": "add_permission"}}, {"model": "auth.permission", "pk": 6, "fields": {"name": "Can change permission", "content_type": 2, "codename": "change_permission"}}, {"model": "auth.permission", "pk": 7, "fields": {"name": "Can delete permission", "content_type": 2, "codename": "delete_permission"}}, {"model": "auth.permission", "pk": 8, "fields": {"name": "Can view permission", "content_type": 2, "codename": "view_permission"}}, {"model": "auth.permission", "pk": 9, "fields": {"name": "Can add group", "content_type": 3, "codename": "add_group"}}, {"model": "auth.permission", "pk": 10, "fields": {"name": "Can change group", "content_type": 3, "codename": "change_group"}}, {"model": "auth.permission", "pk": 11, "fields": {"name": "Can delete group", "content_type": 3, "codename": "delete_group"}}, {"model": "auth.permission", "pk": 12, "fields": {"name": "Can view group", "content_type": 3, "codename": "view_group"}}, {"model": "auth.permission", "pk": 13, "fields": {"name": "Can add content type", "content_type": 4, "codename": "add_contenttype"}}, {"model": "auth.permission", "pk": 14, "fields": {"name": "Can change content type", "content_type": 4, "codename": "change_contenttype"}}, {"model": "auth.permission", "pk": 15, "fields": {"name": "Can delete content type", "content_type": 4, "codename": "delete_contenttype"}}, {"model": "auth.permission", "pk": 16, "fields": {"name": "Can view content type", "content_type": 4, "codename": "view_contenttype"}}, {"model": "auth.permission", "pk": 17, "fields": {"name": "Can add session", "content_type": 5, "codename": "add_session"}}, {"model": "auth.permission", "pk": 18, "fields": {"name": "Can change session", "content_type": 5, "codename": "change_session"}}, {"model": "auth.permission", "pk": 19, "fields": {"name": "Can delete session", "content_type": 5, "codename": "delete_session"}}, {"model": "auth.permission", "pk": 20, "fields": {"name": "Can view session", "content_type": 5, "codename": "view_session"}}, {"model": "auth.permission", "pk": 21, "fields": {"name": "Can add Категория", "content_type": 6, "codename": "add_category"}}, {"model": "auth.permission", "pk": 22, "fields": {"name": "Can change Категория", "content_type": 6, "codename": "change_category"}}, {"model": "auth.permission", "pk": 23, "fields": {"name": "Can delete Категория", "content_type": 6, "codename": "delete_category"}}, {"model": "auth.permission", "pk": 24, "fields": {"name": "Can view Категория", "content_type": 6, "codename": "view_category"}}, {"model": "auth.permission", "pk": 25, "fields": {"name": "Can add Продукт", "content_type": 7, "codename": "add_product"}}, {"model": "auth.permission", "pk": 26, "fields": {"name": "Can change Продукт", "content_type": 7, "codename": "change_product"}}, {"model": "auth.permission", "pk": 27, "fields": {"name": "Can delete Продукт", "content_type": 7, "codename": "delete_product"}}, {"model": "auth.permission", "pk": 28, "fields": {"name": "Can view Продукт", "content_type": 7, "codename": "view_product"}}, {"model": "auth.permission", "pk": 29, "fields": {"name": "Can add Контакт", "content_type": 8, "codename": "add_contact"}}, {"model": "auth.permission", "pk": 30, "fields": {"name": "Can change Контакт", "content_type": 8, "codename": "change_contact"}}, {"model": "auth.permission", "pk": 31, "fields": {"name": "Can delete Контакт", "content_type": 8, "codename": "delete_contact"}}, {"model": "auth.permission", "pk": 32, "fields": {"name": "Can view Контакт", "content_type": 8, "codename": "view_contact"}}, {"model": "auth.permission", "pk": 33, "fields": {"name": "Can add Версия", "content_type": 9, "codename": "add_version"}}, {"model": "auth.permission", "pk": 34, "fields": {"name": "Can change Версия", "content_type": 9, "codename": "change_version"}}, {"model": "auth.permission", "pk": 35, "fields": {"name": "Can delete Версия", "content_type": 9, "codename": "delete_version"}}, {"model": "auth.permission", "pk": 36, "fields": {"name": "Can view Версия", "content_type": 9, "codename": "view_version"}}, {"model": "auth.permission", "pk": 37, "fields": {"name": "Can add Публикация", "content_type": 10, "codename": "add_blogentry"}}, {"model": "auth.permission", "pk": 38, "fields": {"name": "Can change Публикация", "content_type": 10, "codename": "change_blogentry"}}, {"model": "auth.permission", "pk": 39, "fields": {"name": "Can delete Публикация", "content_type": 10, "codename": "delete_blogentry"}}, {"model": "auth.permission", "pk": 40, "fields": {"name": "Can view Публикация", "content_type": 10, "codename": "view_blogentry"}}, {"model": "auth.permission", "pk": 41, "fields": {"name": "Can add user", "content_type": 11, "codename": "add_user"}}, {"model": "auth.permission", "pk": 42, "fields": {"name": "Can change user", "content_type": 11, "codename": "change_user"}}, {"model": "auth.permission", "pk": 43, "fields": {"name": "Can delete user", "content_type": 11, "codename": "delete_user"}}, {"model": "auth.permission", "pk": 44, "fields": {"name": "Can view user", "content_type": 11, "codename": "view_user"}}, {"model": "contenttypes.contenttype", "pk": 1, "fields": {"app_label": "admin", "model": "logentry"}}, {"model": "contenttypes.contenttype", "pk": 2, "fields": {"app_label": "auth", "model": "permission"}}, {"model": "contenttypes.contenttype", "pk": 3, "fields": {"app_label": "auth", "model": "group"}}, {"model": "contenttypes.contenttype", "pk": 4, "fields": {"app_label": "contenttypes", "model": "contenttype"}}, {"model": "contenttypes.contenttype", "pk": 5, "fields": {"app_label": "sessions", "model": "session"}}, {"model": "contenttypes.contenttype", "pk": 6, "fields": {"app_label": "catalog", "model": "category"}}, {"model": "contenttypes.contenttype", "pk": 7, "fields": {"app_label": "catalog", "model": "product"}}, {"model": "contenttypes.contenttype", "pk": 8, "fields": {"app_label": "catalog", "model": "contact"}}, {"model": "contenttypes.contenttype", "pk": 9, "fields": {"app_label": "catalog", "model": "version"}}, {"model": "contenttypes.contenttype", "pk": 10, "fields": {"app_label": "blog", "model": "blogentry"}}, {"model": "contenttypes.contenttype", "pk": 11, "fields": {"app_label": "users", "model": "user"}}, {"model": "catalog.category", "pk": 1, "fields": {"name": "Легендарные", "description": "Исторические камни с захватывающей историей", "image": "categories/legendary_KQ1uR1r.jpg"}}, {"model": "catalog.category", "pk": 2, "fields": {"name": "Большие", "description": "Огромные булыжники, впечатляющие своим размером и весом. На любой притязательный вкус", "image": "categories/big_yXNEHTL.jpg"}}, {"model": "catalog.category", "pk": 3, "fields": {"name": "Средние", "description": "Не то чтобы очень впечатляющие, но надёжные компаньоны в любой ситуации", "image": "categories/average_b7I4sZG.jpg"}}, {"model": "catalog.category", "pk": 4, "fields": {"name": "Маленькие", "description": "О них приятно заботиться, легко гладить и брать с собой. Прекрасная замена неприхотливому питомцу", "image": "categories/little_YFG14B0.jpg"}}, {"model": "catalog.category", "pk": 5, "fields": {"name": "Крошечные", "description": "Их трудно найти, легко потерять и невозможно забыть", "image": "categories/tiny_cDeD8Ca.jpg"}}, {"model": "catalog.product", "pk": 1, "fields": {"name": "Кара Сизифа", "description": "Он огромный, тяжёлый и всегда норовит скатиться куда-то", "image": "", "category": 1, "price": "999999.99", "owner": null, "creation_date": "2023-08-08T23:47:29.396Z", "change_date": "2023-08-15T01:11:08.104Z"}}, {"model": "catalog.product", "pk": 2, "fields": {"name": "Тот самый", "description": "Слышали ли вы размышления о том, сможет ли Бог создать такой камень, который сам не сможет поднять? Не поднял, поэтому вы можете купить его здесь. Исключительно самовывоз", "image": "", "category": 1, "price": "777777.77", "owner": null, "creation_date": "2023-08-08T23:47:29.396Z", "change_date": "2023-08-15T01:11:08.112Z"}}, {"model": "catalog.product", "pk": 3, "fields": {"name": "Big Boss", "description": "Это просто большой камень", "image": "", "category": 2, "price": "20856.99", "owner": null, "creation_date": "2023-08-08T23:47:29.399Z", "change_date": "2023-08-15T01:11:08.113Z"}}, {"model": "catalog.product", "pk": 4, "fields": {"name": "Big Boss (lite version)", "description": "Большой камень, но поменьше оригинального Big Boss. Менее классный, ну так он и дешевле", "image": "", "category": 2, "price": "18446.99", "owner": null, "creation_date": "2023-08-08T23:47:29.399Z", "change_date": "2023-08-15T01:11:08.114Z"}}, {"model": "catalog.product", "pk": 5, "fields": {"name": "Big Boss (deluxe)", "description": "Почти легендарный, лучшая из версий Big Boss. Имеет неожиданные сглаженности и кратеры. Полный кайф", "image": "", "category": 2, "price": "33796.99", "owner": null, "creation_date": "2023-08-08T23:47:29.399Z", "change_date": "2023-08-15T01:11:08.113Z"}}, {"model": "catalog.product", "pk": 6, "fields": {"name": "Just Good", "description": "Хороший средний камень, очень характерный для своей категории. Можно дополнить гравировкой за отдельную плату", "image": "", "category": 3, "price": "15400.99", "owner": null, "creation_date": "2023-08-08T23:47:29.400Z", "change_date": "2023-08-15T01:11:08.114Z"}}, {"model": "catalog.product", "pk": 7, "fields": {"name": "Крошечка-Хаврошечка", "description": "Небольшой, послушный и имеет две впадины на лицевой стороне. Образец нормальности", "image": "", "category": 4, "price": "9850.99", "owner": null, "creation_date": "2023-08-08T23:47:29.401Z", "change_date": "2023-08-15T01:11:08.115Z"}}, {"model": "catalog.product", "pk": 8, "fields": {"name": "Первая сестра Крошечки-Хаврошечки", "description": "Немного вредный и завистливый, но такой искрящийся. Имеет одно отверстие на лицевой стороне", "image": "", "category": 4, "price": "10983.99", "owner": null, "creation_date": "2023-08-08T23:47:29.401Z", "change_date": "2023-08-15T01:11:08.115Z"}}, {"model": "catalog.product", "pk": 9, "fields": {"name": "Вторая сестра Крошечки-Хаврошечки", "description": "Похож на Крошечку-Хаврошечку, но пусть вас не обманет его внешний вид! Эта малышка 'с характером'. Немного сонливый. Имеет два отверстия на лицевой стороне", "image": "", "category": 4, "price": "10850.99", "owner": null, "creation_date": "2023-08-08T23:47:29.401Z", "change_date": "2023-08-15T01:11:08.114Z"}}, {"model": "catalog.product", "pk": 10, "fields": {"name": "Третья сестра Крошечки-Хаврошечки", "description": "Самый внимательный камень из всей линейки, никогда полностью не спит. Может послужить отличным сторожем. Имеет три отверстия на лицевой стороне", "image": "", "category": 4, "price": "12322.99", "owner": null, "creation_date": "2023-08-08T23:47:29.401Z", "change_date": "2023-08-15T01:11:08.116Z"}}, {"model": "catalog.product", "pk": 11, "fields": {"name": "Песчинка", "description": "Такой маленький, что вы можете даже не сразу найти его в поставляемой коробке! Требует особых условий содержания. Может попытаться сбежать", "image": "", "category": 5, "price": "19870.99", "owner": null, "creation_date": "2023-08-08T23:47:29.402Z", "change_date": "2023-08-15T01:11:08.117Z"}}, {"model": "catalog.product", "pk": 12, "fields": {"name": "Задумчивый", "description": "Прямиком из песочных часов!!! Этот малыш знает о времени всё!! Особенно то, как оно скоротечно... Приятный собеседник для философских дискуссий", "image": "", "category": 5, "price": "38878.88", "owner": null, "creation_date": "2023-08-08T23:47:29.402Z", "change_date": "2023-08-15T01:11:08.116Z"}}, {"model": "catalog.product", "pk": 15, "fields": {"name": "Камень преткновения", "description": "Постоянно мешается, непоседа. Осторожно, может броситься под ноги. Но всё равно заслуживает любви", "image": "products/rock_7wbOuqr.jpg", "category": 3, "price": "1450.99", "owner": null, "creation_date": "2023-08-12T00:33:28.102Z", "change_date": "2023-08-15T01:11:08.117Z"}}, {"model": "catalog.product", "pk": 16, "fields": {"name": "Tiny", "description": "Пока еще не вырос, но заверяю вас, он ОЧЕНЬ большой", "image": "products/tiny_fK3sjQm.jpg", "category": 1, "price": "228322.89", "owner": null, "creation_date": "2023-08-12T02:16:47.237Z", "change_date": "2023-08-15T01:11:08.117Z"}}, {"model": "catalog.product", "pk": 19, "fields": {"name": "маленьнко-маленьнко-маленьнко-маленьнко-маленьнко-маленьнко камень", "description": "оч маленько", "image": "", "category": 5, "price": "678554.00", "owner": null, "creation_date": "2023-08-13T13:10:46.382Z", "change_date": "2023-08-31T13:26:29.771Z"}}, {"model": "catalog.product", "pk": 20, "fields": {"name": "Монолит Истинного Короля", "description": "Тот самый камень из легенды о короле артуре. осторожно, камень вооружен и, возможно, ограниченно опасен! требует особых условий содержания. должен часто бывать на природе, в живописных и уединённых местах. желательно присутствие рыцарей или персон королевской крови поблизости, чтобы он не скучал.", "image": "products/Arturs_1dpPSZq.png", "category": 1, "price": "984642.00", "owner": null, "creation_date": "2023-08-14T00:20:58.062Z", "change_date": "2023-09-04T23:21:14.990Z"}}, {"model": "catalog.product", "pk": 21, "fields": {"name": "Камень За Пазухой", "description": "Среднего размера. коварный и скрытный, может напасть на вашего друга или коллегу. в связи с этим рекомендуемыми условиями содержания является наличие строгого ошейника или специального рестрейнера для сдерживания агрессивной натуры этого крепыша. любит греться за отворотом куртки.", "image": "products/in_the_bosom_svWgXTv.png", "category": 3, "price": "1000.99", "owner": null, "creation_date": "2023-08-14T00:50:02.193Z", "change_date": "2023-09-04T23:20:32.161Z"}}, {"model": "catalog.product", "pk": 22, "fields": {"name": "Average Stone", "description": "Настолько средний, насколько возможно. даже не требует особого ухода. лучший друг на все времена, так как не будет затмевать вашей оригинальности, даже подчеркнет её - настолько он тривиальный.", "image": "products/1592437950176341537.jpg", "category": 3, "price": "1900.00", "owner": 8, "creation_date": "2023-09-05T10:51:55.504Z", "change_date": "2023-09-05T10:51:55.513Z"}}, {"model": "catalog.contact", "pk": 2, "fields": {"name": "Spain", "inn": "B12345678", "address": "Calle de Claudio Coello, 73, 28001 Madrid"}}, {"model": "catalog.version", "pk": 1, "fields": {"product": 19, "number": 1, "name": "Ночная версия", "status": true}}, {"model": "catalog.version", "pk": 2, "fields": {"product": 19, "number": 2, "name": "апвор", "status": false}}, {"model": "blog.blogentry", "pk": 1, "fields": {"title": "Мой первый камень", "slug": "moj-pervyij-kamen", "content": "В прошлом году я гулял по улицам моего города, мне посчастливилось встретить удивительный камень. \r\nОн лежал на углу улицы и будто скучал. На его поверхности отсутствовали признаки усталости или раздражения. Он улучшил моё настроение одним только своим присутствием. Я решил подойти к нему и поблагодарить за такое прекрасное дело. \r\n\r\nВ нём горела искра творчества и глубокой мудрости. Он обратил на меня внимание и мне сразу стало комфортно. Я спросил, почему он лежит тут, ведь он заслуживает быть выставленным в музее. Он не ответил, но стало понятно, что материальные блага уже не имеют для него значения, и что он просто хочет поделиться своим существованием с миром.\r\n\r\nЯ рассказал ему о своих проблемах, которые меня тревожили в последнее время. Вместо того чтобы советовать или критиковать, он просто слушал меня с таким вниманием, что я чувствовал себя важным и понятым. Его теплота и присутствие позволили мне по-настоящему открыться. Он дал мне понять, что важно признавать свои чувства, и что это делает нас более сильными и живыми. \r\n\r\nКогда я закончил разговор, я взял его на руки. Я решил забрать его с собой. Этот камень стал напоминанием о том, что в этом мире есть кто-то, готовый просто слушать и понимать, без суждений и критики. Этот момент стал для меня источником вдохновения и силы. \r\n\r\nЯ понял, что важно дарить другим камни, так как это может изменить чью-то жизнь.", "image": "blog/for_blog_12Uv1V8.jpg", "author": null, "creation_date": "2023-08-18T13:20:54.400Z", "is_published": true, "number_views": 9}}, {"model": "blog.blogentry", "pk": 2, "fields": {"title": "Собираем на лечение камушка от грусти!", "slug": "sobiraem-na-lechenie-kamushka-ot-grusti", "content": "Всем привет! Хочу рассказать о невероятной встрече, которая произошла со мной сегодня. \r\nЯ встретил очень грустный камень (на фото). Он настолько переживает и страдает, что начинает разрушаться. Лечение этой болезни очень дорогое и сложное, и, к сожалению, камень не может себе позволить такие расходы.\r\n\r\nПоэтому мы обращаемся к вам с просьбой помочь. Любая сумма, даже самая маленькая, поможет нам собрать необходимую сумму для лечения. Этот камень очень нуждается в вашей поддержке и помощи. Вместе мы можем сделать мир лучше!\r\n\r\nПожалуйста, делитесь этой информацией с вашими друзьями и знакомыми. Все, кто внесет свой вклад, получат нашу благодарность и признательность. Давайте поможем камню избавиться от груза грусти и вернуть радость жизни!\r\n\r\nЕсли у вас есть вопросы или предложения, пожалуйста, свяжитесь с нами. Мы будем рады ответить на все ваши вопросы. Спасибо за вашу поддержку и помощь!", "image": "blog/rock_zdHqRML.jpg", "author": null, "creation_date": "2023-08-18T13:42:54.837Z", "is_published": true, "number_views": 10}}, {"model": "blog.blogentry", "pk": 3, "fields": {"title": "Завела новый камень!", "slug": "zavela-novyij-kamen", "content": "Теперь у меня есть новый камушек, он такой классный и такой средний! На его фоне я такая оригинальная и необычная!\r\nДелюсь с сообществом моей радостью))", "image": "blog/1592437950176341537.jpg", "author": 8, "creation_date": "2023-09-05T10:59:29.333Z", "is_published": true, "number_views": 7}}, {"model": "users.user", "pk": 1, "fields": {"password": "pbkdf2_sha256$600000$b8mCrYtL6CJB51YUBpsq7g$gCjpbjj1RlaK8Pkdy1QD7/kOIyOxe+boS5bHnHdDxiA=", "last_login": "2023-09-05T13:11:23.194Z", "is_superuser": true, "first_name": "", "last_name": "", "is_staff": true, "date_joined": "2023-09-01T14:38:36.906Z", "email": "admin@mail.ru", "avatar": "users/2.jpg", "phone": "56848", "country": "Испания", "is_active": true, "verification_code": null, "groups": [], "user_permissions": []}}, {"model": "users.user", "pk": 2, "fields": {"password": "pbkdf2_sha256$600000$m5C7nOBT8u3NcSfQNwHgwu$G4qk3AfYUfT/DQDSfGXpfExUJemXt3mL4AGNQbewuXU=", "last_login": "2023-09-02T00:06:55.957Z", "is_superuser": false, "first_name": "", "last_name": "", "is_staff": false, "date_joined": "2023-09-02T00:05:59.509Z", "email": "dodic@yandex.com", "avatar": "users/anonim.jpg", "phone": null, "country": null, "is_active": true, "verification_code": null, "groups": [], "user_permissions": []}}, {"model": "users.user", "pk": 3, "fields": {"password": "pbkdf2_sha256$600000$OK31vvNDACboedsJZjSxue$F4Do4dPie1g8oo5xS5gA+sWqWlB+EjZzAMDoVycqMqM=", "last_login": "2023-09-02T00:16:55.762Z", "is_superuser": false, "first_name": "", "last_name": "", "is_staff": false, "date_joined": "2023-09-02T00:15:24.009Z", "email": "Rogalic@sobaca.est", "avatar": "users/anonim.jpg", "phone": null, "country": null, "is_active": true, "verification_code": null, "groups": [], "user_permissions": []}}, {"model": "users.user", "pk": 5, "fields": {"password": "pbkdf2_sha256$600000$hLA9F4ZX3JvCRsLfW7oVka$3AH0pRagkv1XDlOGzGBQcO7WyddLK98spnimEKee4gU=", "last_login": null, "is_superuser": false, "first_name": "", "last_name": "", "is_staff": false, "date_joined": "2023-09-03T22:46:23.749Z", "email": "dodic@yandex.ru", "avatar": "users/anonim.jpg", "phone": null, "country": null, "is_active": true, "verification_code": "1j3LP03-GA", "groups": [], "user_permissions": []}}, {"model": "users.user", "pk": 8, "fields": {"password": "pbkdf2_sha256$600000$T6MwVm3HvcgqOHOcM8pAw1$46rg4ZJSgwd64BDn4tyBVJS3GpfjBxW+T2gEEjx0PBM=", "last_login": "2023-09-05T12:40:18.352Z", "is_superuser": false, "first_name": "", "last_name": "", "is_staff": false, "date_joined": "2023-09-03T23:18:14.950Z", "email": "kseniyaartemova@yandex.ru", "avatar": "users/anonim.jpg", "phone": null, "country": null, "is_active": true, "verification_code": "E0zz3zxgzQ", "groups": [], "user_permissions": []}}, {"model": "users.user", "pk": 9, "fields": {"password": "pbkdf2_sha256$600000$70BAxAyIMhaMYaef2ibFco$CZRSX+4lfhaZvwu2inMu5Lrg0a4kaJ4KgUS3UpK6R/w=", "last_login": null, "is_superuser": false, "first_name": "", "last_name": "", "is_staff": false, "date_joined": "2023-09-03T23:22:32.220Z", "email": "dodoc@yandex.ru", "avatar": "users/anonim.jpg", "phone": null, "country": null, "is_active": false, "verification_code": "j6JEsFFMXQ", "groups": [], "user_permissions": []}}, {"model": "users.user", "pk": 10, "fields": {"password": "pbkdf2_sha256$600000$ByH2U59Cm6T627PNZAIvL2$mT07jWoWlSrkFrcsqoeZWFGS9ydiILPv/ExKClwyNFc=", "last_login": null, "is_superuser": false, "first_name": "", "last_name": "", "is_staff": false, "date_joined": "2023-09-03T23:24:15.019Z", "email": "dodoc@yandex.com", "avatar": "users/anonim.jpg", "phone": null, "country": null, "is_active": false, "verification_code": "ftCyNHqP8A", "groups": [], "user_permissions": []}}, {"model": "users.user", "pk": 11, "fields": {"password": "pbkdf2_sha256$600000$DXOURNH1H57vLp5xNW42Aw$+yzLebxP7JeXocNB/cP3/5KvMfRdoK7ejRxwzB6odSk=", "last_login": null, "is_superuser": false, "first_name": "", "last_name": "", "is_staff": false, "date_joined": "2023-09-03T23:40:52.323Z", "email": "dd@email.com", "avatar": "users/anonim.jpg", "phone": null, "country": null, "is_active": false, "verification_code": "8rgDwc0TdA", "groups": [], "user_permissions": []}}, {"model": "users.user", "pk": 12, "fields": {"password": "pbkdf2_sha256$600000$6Y6ZRv2crCb1ibw7Ft1wmg$EXzLxbsZ+h/UeaaB1iJmP5L0qO9Kl3UDzhmsoTh3o8M=", "last_login": null, "is_superuser": false, "first_name": "", "last_name": "", "is_staff": false, "date_joined": "2023-09-03T23:41:46.009Z", "email": "ddd@mail.ru", "avatar": "users/anonim.jpg", "phone": null, "country": null, "is_active": false, "verification_code": "rWOBH_qSeA", "groups": [], "user_permissions": []}}, {"model": "users.user", "pk": 13, "fields": {"password": "123456789", "last_login": null, "is_superuser": false, "first_name": "", "last_name": "", "is_staff": false, "date_joined": "2023-09-05T11:55:49Z", "email": "kamen@dot.com", "avatar": "users/anonim.jpg", "phone": null, "country": null, "is_active": true, "verification_code": "hfdksh", "groups": [], "user_permissions": []}}, {"model": "users.user", "pk": 14, "fields": {"password": "pbkdf2_sha256$600000$HrQ0oYbujqptT0RRhG1csd$PIqROZORyvpNZ2orOYZg/3IzaANzSdxiJy9JDGQdb2Y=", "last_login": "2023-09-05T12:22:05.322Z", "is_superuser": false, "first_name": "", "last_name": "", "is_staff": false, "date_joined": "2023-09-05T12:01:25.515Z", "email": "venbhjdfdifzdslhf@gmail.com", "avatar": "users/anonim.jpg", "phone": null, "country": null, "is_active": true, "verification_code": "65rxEv_CYg", "groups": [], "user_permissions": []}}]